{
    "type": "application",
    "source-directories": [
        "src"
    ],
    "elm-version": "0.19.1",
    "dependencies": {
        "direct": {
            "danfishgold/base64-bytes": "1.0.3",
            "dillonkearns/elm-markdown": "1.1.1",
            "elm/browser": "1.0.2",
            "elm/bytes": "1.0.8",
            "elm/core": "1.0.2",
            "elm/html": "1.0.0",
            "elm/http": "2.0.0",
            "elm/json": "1.1.3",
            "elm/url": "1.0.0",
            "elm-community/result-extra": "2.3.0"
        },
        "indirect": {
            "elm/file": "1.0.5",
            "elm/parser": "1.1.0",
            "elm/time": "1.0.0",
            "elm/virtual-dom": "1.0.2",
            "rtfeldman/elm-hex": "1.0.0"
        }
    },
    "test-dependencies": {
        "direct": {},
        "indirect": {}
    }
}
